enero 1, febreo 4, marzo 21, jueves santo, viernes sannto, mayo 1, septiembre 16, octubre 12,  noviembre 2, 20 de noviembre, diciembre 12, navidad
2009-01-01, 2009-02-02, 2009-03-16, 2009-04-09, 2009-04-10, 2009-05-01, 2009-09-16, 2009-10-12, 2009-11-02, 2009-11-20, 2009-12-12, 2009-12-25
2010-01-01, 2010-02-01, 2010-03-15, 2010-04-01, 2010-04-02, 2010-05-01, 2010-09-16, 2010-10-12, 2010-11-02, 2010-11-20, 2010-12-12, 2010-12-25
2011-01-01, 2011-02-07, 2011-03-21, 2011-04-21, 2011-04-22, 2011-05-01, 2011-09-16, 2011-10-12, 2011-11-02, 2011-11-20, 2011-12-12, 2011-12-25
2012-01-01, 2012-02-06, 2012-03-19, 2012-04-05, 2012-04-06, 2012-05-01, 2012-09-16, 2012-10-12, 2012-11-02, 2012-11-20, 2012-12-12, 2012-12-25
2013-01-01, 2013-02-04, 2013-03-18, 2013-03-28, 2013-03-29, 2013-05-01, 2013-09-16, 2013-10-12, 2013-11-02, 2013-11-20, 2013-12-12, 2013-12-25
2014-01-01, 2014-02-03, 2014-03-17, 2014-04-17, 2014-04-18, 2014-05-01, 2014-09-16, 2014-10-12, 2014-11-02, 2014-11-20, 2014-12-12, 2014-12-25
2015-01-01, 2015-02-02, 2015-03-16, 2015-04-02, 2015-04-03, 2015-05-01, 2015-09-16, 2015-10-12, 2015-11-02, 2015-11-20, 2015-12-12, 2015-12-25
2016-01-01, 2016-02-01, 2016-03-21, 2016-03-24, 2016-03-25, 2016-05-01, 2016-09-16, 2016-10-12, 2016-11-02, 2016-11-20, 2016-12-12, 2016-12-25
2017-01-01, 2017-02-06, 2017-03-20, 2017-04-13, 2017-04-14, 2017-05-01, 2017-09-16, 2017-10-12, 2017-11-02, 2017-11-20, 2017-12-12, 2017-12-25
2018-01-01, 2018-02-05, 2018-03-19, 2018-03-29, 2018-03-30, 2018-05-01, 2018-09-16, 2018-10-12, 2018-11-02, 2018-11-20, 2018-12-12, 2018-12-25
2019-01-01, 2019-02-04, 2019-03-18, 2019-04-18, 2019-04-19, 2019-05-01, 2019-09-16, 2019-10-12, 2019-11-02, 2019-11-20, 2019-12-12, 2019-12-25
2020-01-01, 2020-02-03, 2020-03-16, 2020-04-09, 2020-04-10, 2020-05-01, 2020-09-16, 2020-10-12, 2020-11-02, 2020-11-20, 2020-12-12, 2020-12-25
2021-01-01, 2021-02-01, 2021-03-15, 2021-04-01, 2021-04-02, 2021-05-01, 2021-09-16, 2021-10-12, 2021-11-02, 2021-11-20, 2021-12-12, 2021-12-25
2022-01-01, 2022-02-07, 2022-03-21, 2022-04-14, 2022-04-15, 2022-05-01, 2022-09-16, 2022-10-12, 2022-11-02, 2022-11-20, 2022-12-12, 2022-12-25
2023-01-01, 2023-02-06, 2023-03-20, 2023-04-06, 2023-04-07, 2023-05-01, 2023-09-16, 2023-10-12, 2023-11-02, 2023-11-20, 2023-12-12, 2023-12-25